"#","Reference","Qty","Value","Footprint","DNP"
"1","C1, C2, C3, C4","4","10nF","BottleNode:C_0603_1608Metric_Pad1.08x0.95mm_HandSolder",""
"2","D1, D2, D3, D4","4","WS2812B","BottleNode:LED_WS2812B_PLCC4_5.0x5.0mm_P3.2mm",""
"3","J1","1","Conn_01x03_Pin","BottleNode:PinHeader_1x03_P2.54mm_Vertical",""
"4","J2","1","Conn_01x02_Pin","BottleNode:PinHeader_1x02_P2.54mm_Vertical",""
"5","R1, R4, R5","3","0","BottleNode:R_0603_1608Metric_Pad0.98x0.95mm_HandSolder",""
"6","R2, R3, R6, R7","4","DNI","BottleNode:R_0603_1608Metric_Pad0.98x0.95mm_HandSolder",""
"7","U1","1","~","BottleNode:XIAO-Generic-Thruhole-14P-2.54-21X17.8MM",""
"8","U2","1","~","BottleNode:INMP441_breakout",""
"9","U3","1","~","BottleNode:MAX98357A_adafruit_breakout",""
